계수,이름,도면층,블록 단위,색상,위치 X,위치 Y,위치 Z,주석,회전,각도,길이,끝 X,끝 Y,끝 Z,델타 X,델타 Y,델타 Z,시작 X,시작 Y,시작 Z,면적,반지름,시작 각도,전체 각도,중심점 X,중심점 Y,중심점 Z
1,선,DR,,ByLayer,,,,,,0.00,0.05,61.12,16.05,0.00,0.05,0.00,0.00,61.07,16.05,0.00,,,,,,,
1,호,DR,,ByLayer,,,,,,,1.53,,,,,,,,,,0.26,1.00,92.58,87.42,61.12,16.05,0.00
1,doorBlock,DR,미터,ByLayer,4.53,16.05,0.00,,180.00,,,,,,,,,,,,,,,,,,
1,선,DR,,ByLayer,,,,,,90.00,1.00,61.12,15.05,0.00,0.00,-1.00,0.00,61.12,16.05,0.00,,,,,,,
1,선,DR,,ByLayer,,,,,,180.00,0.05,61.07,15.05,0.00,-0.05,0.00,0.00,61.12,15.05,0.00,,,,,,,
1,선,DR,,ByLayer,,,,,,90.00,1.00,61.07,16.05,0.00,0.00,1.00,0.00,61.07,15.05,0.00,,,,,,,
1,선,DR,,ByLayer,,,,,,180.00,0.05,3.53,16.05,0.00,-0.05,0.00,0.00,3.58,16.05,0.00,,,,,,,
1,호,DR,,ByLayer,,,,,,,1.53,,,,,,,,,,0.26,1.00,92.58,87.42,3.53,16.05,0.00
1,doorBlockBoth,DR,미터,ByLayer,0.00,0.00,0.00,,0.00,,,,,,,,,,,,,,,,,,
1,선,DR,,ByLayer,,,,,,90.00,1.00,3.53,15.05,0.00,0.00,-1.00,0.00,3.53,16.05,0.00,,,,,,,
1,선,DR,,ByLayer,,,,,,0.00,0.05,3.58,15.05,0.00,0.05,0.00,0.00,3.53,15.05,0.00,,,,,,,
1,선,DR,,ByLayer,,,,,,90.00,1.00,3.58,16.05,0.00,0.00,1.00,0.00,3.58,15.05,0.00,,,,,,,
1,선,DR,,ByLayer,,,,,,0.00,0.05,9.30,12.42,0.00,0.05,0.00,0.00,9.25,12.42,0.00,,,,,,,
1,호,DR,,ByLayer,,,,,,,1.53,,,,,,,,,,0.26,1.00,92.58,87.42,9.30,12.42,0.00
1,doorBlock,DR,미터,ByLayer,5.04,12.42,0.00,,180.00,,,,,,,,,,,,,,,,,,
1,선,DR,,ByLayer,,,,,,90.00,1.00,9.30,11.42,0.00,0.00,-1.00,0.00,9.30,12.42,0.00,,,,,,,
1,선,DR,,ByLayer,,,,,,180.00,0.05,9.25,11.42,0.00,-0.05,0.00,0.00,9.30,11.42,0.00,,,,,,,
1,선,DR,,ByLayer,,,,,,90.00,1.00,9.25,12.42,0.00,0.00,1.00,0.00,9.25,11.42,0.00,,,,,,,
1,선,DR,,ByLayer,,,,,,0.00,0.05,6.04,12.42,0.00,0.05,0.00,0.00,5.99,12.42,0.00,,,,,,,
1,호,DR,,ByLayer,,,,,,,1.53,,,,,,,,,,0.26,1.00,92.58,87.42,6.04,12.42,0.00
1,doorBlock,DR,미터,ByLayer,60.12,16.05,0.00,,180.00,,,,,,,,,,,,,,,,,,
1,선,DR,,ByLayer,,,,,,90.00,1.00,6.04,11.42,0.00,0.00,-1.00,0.00,6.04,12.42,0.00,,,,,,,
1,선,DR,,ByLayer,,,,,,180.00,0.05,5.99,11.42,0.00,-0.05,0.00,0.00,6.04,11.42,0.00,,,,,,,
1,선,DR,,ByLayer,,,,,,90.00,1.00,5.99,12.42,0.00,0.00,1.00,0.00,5.99,11.42,0.00,,,,,,,
1,선,DR,,ByLayer,,,,,,180.00,0.04,22.17,16.05,0.00,-0.04,0.00,0.00,22.21,16.05,0.00,,,,,,,
1,선,DR,,ByLayer,,,,,,90.00,0.96,22.17,17.02,0.00,0.00,0.96,0.00,22.17,16.05,0.00,,,,,,,
1,선,DR,,ByLayer,,,,,,180.00,0.04,22.17,17.02,0.00,-0.04,0.00,0.00,22.21,17.02,0.00,,,,,,,
1,선,DR,,ByLayer,,,,,,90.00,0.96,20.28,17.02,0.00,0.00,0.96,0.00,20.28,16.05,0.00,,,,,,,
1,호,DR,,ByLayer,,,,,,,1.47,,,,,,,,,,0.24,0.96,92.67,87.33,22.21,16.05,0.00
1,호,DR,,ByLayer,,,,,,,1.47,,,,,,,,,,0.24,0.96,0.00,87.33,20.28,16.05,0.00
1,doorBlockBoth,DR,미터,ByLayer,27.02,0.00,0.00,,0.00,,,,,,,,,,,,,,,,,,
1,선,DR,,ByLayer,,,,,,90.00,0.96,39.49,17.02,0.00,0.00,0.96,0.00,39.49,16.05,0.00,,,,,,,
1,선,DR,,ByLayer,,,,,,90.00,0.96,37.56,17.02,0.00,0.00,0.96,0.00,37.56,16.05,0.00,,,,,,,
1,선,DR,,ByLayer,,,,,,0.00,0.04,20.33,16.05,0.00,0.04,0.00,0.00,20.28,16.05,0.00,,,,,,,
1,선,DR,,ByLayer,,,,,,90.00,0.96,20.33,17.02,0.00,0.00,0.96,0.00,20.33,16.05,0.00,,,,,,,
1,선,DR,,ByLayer,,,,,,0.00,0.05,20.33,17.02,0.00,0.05,0.00,0.00,20.28,17.02,0.00,,,,,,,
1,호,DR,,ByLayer,,,,,,,1.47,,,,,,,,,,0.24,0.96,0.00,87.33,10.53,16.05,0.00
1,선,DR,,ByLayer,,,,,,180.00,0.04,12.42,16.05,0.00,-0.04,0.00,0.00,12.46,16.05,0.00,,,,,,,
1,선,DR,,ByLayer,,,,,,90.00,0.96,12.42,17.02,0.00,0.00,0.96,0.00,12.42,16.05,0.00,,,,,,,
1,선,DR,,ByLayer,,,,,,90.00,0.96,12.46,17.02,0.00,0.00,0.96,0.00,12.46,16.05,0.00,,,,,,,
1,선,DR,,ByLayer,,,,,,90.00,0.96,10.53,17.02,0.00,0.00,0.96,0.00,10.53,16.05,0.00,,,,,,,
1,호,DR,,ByLayer,,,,,,,1.47,,,,,,,,,,0.24,0.96,92.67,87.33,12.46,16.05,0.00
1,선,DR,,ByLayer,,,,,,0.00,0.05,10.58,17.02,0.00,0.05,0.00,0.00,10.53,17.02,0.00,,,,,,,
1,doorBlockBoth,DR,미터,ByLayer,9.75,0.00,0.00,,0.00,,,,,,,,,,,,,,,,,,
1,선,DR,,ByLayer,,,,,,90.00,0.96,22.21,17.02,0.00,0.00,0.96,0.00,22.21,16.05,0.00,,,,,,,
1,선,DR,,ByLayer,,,,,,180.00,0.04,12.42,17.02,0.00,-0.04,0.00,0.00,12.46,17.02,0.00,,,,,,,
1,선,DR,,ByLayer,,,,,,0.00,0.04,10.58,16.05,0.00,0.04,0.00,0.00,10.53,16.05,0.00,,,,,,,
1,선,DR,,ByLayer,,,,,,90.00,0.96,10.58,17.02,0.00,0.00,0.96,0.00,10.58,16.05,0.00,,,,,,,
1,선,DR,,ByLayer,,,,,,180.00,0.05,26.06,12.42,0.00,-0.05,0.00,0.00,26.10,12.42,0.00,,,,,,,
1,호,DR,,ByLayer,,,,,,,1.53,,,,,,,,,,0.26,1.00,92.58,87.42,26.06,12.42,0.00
1,doorBlock,DR,미터,ByLayer,24.60,12.42,0.00,,180.00,,,,,,,,,,,,,,,,,,
1,선,DR,,ByLayer,,,,,,90.00,1.00,26.06,11.42,0.00,0.00,-1.00,0.00,26.06,12.42,0.00,,,,,,,
1,선,DR,,ByLayer,,,,,,0.00,0.05,26.10,11.42,0.00,0.05,0.00,0.00,26.06,11.42,0.00,,,,,,,
1,선,DR,,ByLayer,,,,,,90.00,1.00,26.10,12.42,0.00,0.00,1.00,0.00,26.10,11.42,0.00,,,,,,,
1,선,DR,,ByLayer,,,,,,0.00,0.05,25.60,12.42,0.00,0.05,0.00,0.00,25.55,12.42,0.00,,,,,,,
1,호,DR,,ByLayer,,,,,,,1.53,,,,,,,,,,0.26,1.00,92.58,87.42,25.60,12.42,0.00
1,doorBlock,DR,미터,ByLayer,21.31,12.42,0.00,,180.00,,,,,,,,,,,,,,,,,,
1,선,DR,,ByLayer,,,,,,90.00,1.00,25.60,11.42,0.00,0.00,-1.00,0.00,25.60,12.42,0.00,,,,,,,
1,선,DR,,ByLayer,,,,,,180.00,0.05,25.55,11.42,0.00,-0.05,0.00,0.00,25.60,11.42,0.00,,,,,,,
1,선,DR,,ByLayer,,,,,,90.00,1.00,25.55,12.42,0.00,0.00,1.00,0.00,25.55,11.42,0.00,,,,,,,
1,선,DR,,ByLayer,,,,,,180.00,0.05,58.62,12.42,0.00,-0.05,0.00,0.00,58.66,12.42,0.00,,,,,,,
1,호,DR,,ByLayer,,,,,,,1.53,,,,,,,,,,0.26,1.00,92.58,87.42,58.62,12.42,0.00
1,doorBlock,DR,미터,ByLayer,30.31,12.42,0.00,,180.00,,,,,,,,,,,,,,,,,,
1,선,DR,,ByLayer,,,,,,90.00,1.00,58.62,11.42,0.00,0.00,-1.00,0.00,58.62,12.42,0.00,,,,,,,
1,선,DR,,ByLayer,,,,,,0.00,0.05,58.66,11.42,0.00,0.05,0.00,0.00,58.62,11.42,0.00,,,,,,,
1,선,DR,,ByLayer,,,,,,90.00,1.00,58.66,12.42,0.00,0.00,1.00,0.00,58.66,11.42,0.00,,,,,,,
1,선,DR,,ByLayer,,,,,,180.00,0.05,29.31,12.42,0.00,-0.05,0.00,0.00,29.35,12.42,0.00,,,,,,,
1,호,DR,,ByLayer,,,,,,,1.53,,,,,,,,,,0.26,1.00,92.58,87.42,29.31,12.42,0.00
1,doorBlock,DR,미터,ByLayer,27.06,12.42,0.00,,180.00,,,,,,,,,,,,,,,,,,
1,선,DR,,ByLayer,,,,,,90.00,1.00,29.31,11.42,0.00,0.00,-1.00,0.00,29.31,12.42,0.00,,,,,,,
1,선,DR,,ByLayer,,,,,,0.00,0.05,29.35,11.42,0.00,0.05,0.00,0.00,29.31,11.42,0.00,,,,,,,
1,선,DR,,ByLayer,,,,,,90.00,1.00,29.35,12.42,0.00,0.00,1.00,0.00,29.35,11.42,0.00,,,,,,,
1,선,DR,,ByLayer,,,,,,0.00,0.05,15.82,12.42,0.00,0.05,0.00,0.00,15.77,12.42,0.00,,,,,,,
1,호,DR,,ByLayer,,,,,,,1.53,,,,,,,,,,0.26,1.00,92.58,87.42,15.82,12.42,0.00
1,doorBlock,DR,미터,ByLayer,11.55,12.42,0.00,,180.00,,,,,,,,,,,,,,,,,,
1,선,DR,,ByLayer,,,,,,90.00,1.00,15.82,11.42,0.00,0.00,-1.00,0.00,15.82,12.42,0.00,,,,,,,
1,선,DR,,ByLayer,,,,,,180.00,0.05,15.77,11.42,0.00,-0.05,0.00,0.00,15.82,11.42,0.00,,,,,,,
1,선,DR,,ByLayer,,,,,,90.00,1.00,15.77,12.42,0.00,0.00,1.00,0.00,15.77,11.42,0.00,,,,,,,
1,선,DR,,ByLayer,,,,,,0.00,0.05,12.55,12.42,0.00,0.05,0.00,0.00,12.50,12.42,0.00,,,,,,,
1,호,DR,,ByLayer,,,,,,,1.53,,,,,,,,,,0.26,1.00,92.58,87.42,12.55,12.42,0.00
1,doorBlock,DR,미터,ByLayer,8.30,12.42,0.00,,180.00,,,,,,,,,,,,,,,,,,
1,선,DR,,ByLayer,,,,,,90.00,1.00,12.55,11.42,0.00,0.00,-1.00,0.00,12.55,12.42,0.00,,,,,,,
1,선,DR,,ByLayer,,,,,,180.00,0.05,12.50,11.42,0.00,-0.05,0.00,0.00,12.55,11.42,0.00,,,,,,,
1,선,DR,,ByLayer,,,,,,90.00,1.00,12.50,12.42,0.00,0.00,1.00,0.00,12.50,11.42,0.00,,,,,,,
1,선,DR,,ByLayer,,,,,,0.00,0.05,22.31,12.42,0.00,0.05,0.00,0.00,22.26,12.42,0.00,,,,,,,
1,호,DR,,ByLayer,,,,,,,1.53,,,,,,,,,,0.26,1.00,92.58,87.42,22.31,12.42,0.00
1,doorBlock,DR,미터,ByLayer,18.08,12.42,0.00,,180.00,,,,,,,,,,,,,,,,,,
1,선,DR,,ByLayer,,,,,,90.00,1.00,22.31,11.42,0.00,0.00,-1.00,0.00,22.31,12.42,0.00,,,,,,,
1,선,DR,,ByLayer,,,,,,180.00,0.05,22.26,11.42,0.00,-0.05,0.00,0.00,22.31,11.42,0.00,,,,,,,
1,선,DR,,ByLayer,,,,,,90.00,1.00,22.26,12.42,0.00,0.00,1.00,0.00,22.26,11.42,0.00,,,,,,,
1,선,DR,,ByLayer,,,,,,0.00,0.05,19.08,12.42,0.00,0.05,0.00,0.00,19.03,12.42,0.00,,,,,,,
1,호,DR,,ByLayer,,,,,,,1.53,,,,,,,,,,0.26,1.00,92.58,87.42,19.08,12.42,0.00
1,doorBlock,DR,미터,ByLayer,14.82,12.42,0.00,,180.00,,,,,,,,,,,,,,,,,,
1,선,DR,,ByLayer,,,,,,90.00,1.00,19.08,11.42,0.00,0.00,-1.00,0.00,19.08,12.42,0.00,,,,,,,
1,선,DR,,ByLayer,,,,,,180.00,0.05,19.03,11.42,0.00,-0.05,0.00,0.00,19.08,11.42,0.00,,,,,,,
1,선,DR,,ByLayer,,,,,,90.00,1.00,19.03,12.42,0.00,0.00,1.00,0.00,19.03,11.42,0.00,,,,,,,
1,선,W,,ByLayer,,,,,,90.00,6.96,51.52,12.32,0.00,0.00,6.96,0.00,51.52,5.36,0.00,,,,,,,
1,선,W,,ByLayer,,,,,,270.00,6.96,48.47,5.36,0.00,0.00,-6.96,0.00,48.47,12.32,0.00,,,,,,,
1,선,W,,ByLayer,,,,,,90.00,6.96,48.27,12.32,0.00,0.00,6.96,0.00,48.27,5.36,0.00,,,,,,,
1,선,W,,ByLayer,,,,,,270.00,6.96,54.97,5.36,0.00,0.00,-6.96,0.00,54.97,12.32,0.00,,,,,,,
1,선,W,,ByLayer,,,,,,90.00,6.96,54.77,12.32,0.00,0.00,6.96,0.00,54.77,5.36,0.00,,,,,,,
1,선,W,,ByLayer,,,,,,270.00,6.96,51.72,5.36,0.00,0.00,-6.96,0.00,51.72,12.32,0.00,,,,,,,
1,선,W,,ByLayer,,,,,,90.00,6.96,41.77,12.32,0.00,0.00,6.96,0.00,41.77,5.36,0.00,,,,,,,
1,선,W,,ByLayer,,,,,,270.00,6.96,38.72,5.36,0.00,0.00,-6.96,0.00,38.72,12.32,0.00,,,,,,,
1,선,W,,ByLayer,,,,,,90.00,6.96,38.52,12.32,0.00,0.00,6.96,0.00,38.52,5.36,0.00,,,,,,,
1,선,W,,ByLayer,,,,,,270.00,6.96,45.22,5.36,0.00,0.00,-6.96,0.00,45.22,12.32,0.00,,,,,,,
1,선,W,,ByLayer,,,,,,90.00,6.96,45.02,12.32,0.00,0.00,6.96,0.00,45.02,5.36,0.00,,,,,,,
1,선,W,,ByLayer,,,,,,270.00,6.96,41.97,5.36,0.00,0.00,-6.96,0.00,41.97,12.32,0.00,,,,,,,
1,선,W,,ByLayer,,,,,,270.00,8.58,35.49,16.15,0.00,0.00,-8.58,0.00,35.49,24.73,0.00,,,,,,,
1,선,W,,ByLayer,,,,,,0.00,3.24,35.49,19.64,0.00,3.24,0.00,0.00,32.26,19.64,0.00,,,,,,,
1,선,W,,ByLayer,,,,,,0.00,3.24,35.49,19.44,0.00,3.24,0.00,0.00,32.26,19.44,0.00,,,,,,,
1,선,W,,ByLayer,,,,,,180.00,3.44,25.93,21.29,0.00,-3.44,0.00,0.00,29.36,21.29,0.00,,,,,,,
1,선,W,,ByLayer,,,,,,0.00,3.44,29.36,21.49,0.00,3.44,0.00,0.00,25.93,21.49,0.00,,,,,,,
1,선,W,,ByLayer,,,,,,90.00,8.58,35.69,24.73,0.00,0.00,8.58,0.00,35.69,16.15,0.00,,,,,,,
1,선,W,,ByLayer,,,,,,270.00,8.58,51.52,16.15,0.00,0.00,-8.58,0.00,51.52,24.73,0.00,,,,,,,
1,선,W,,ByLayer,,,,,,270.00,6.96,58.21,5.36,0.00,0.00,-6.96,0.00,58.21,12.32,0.00,,,,,,,
1,선,W,,ByLayer,,,,,,270.00,6.96,58.01,5.36,0.00,0.00,-6.96,0.00,58.01,12.32,0.00,,,,,,,
1,선,W,,ByLayer,,,,,,90.00,8.58,58.21,24.73,0.00,0.00,8.58,0.00,58.21,16.15,0.00,,,,,,,
1,선,W,,ByLayer,,,,,,270.00,8.58,58.01,16.15,0.00,0.00,-8.58,0.00,58.01,24.73,0.00,,,,,,,
1,선,W,,ByLayer,,,,,,90.00,8.58,51.72,24.73,0.00,0.00,8.58,0.00,51.72,16.15,0.00,,,,,,,
1,선,W,,ByLayer,,,,,,270.00,6.96,12.73,5.36,0.00,0.00,-6.96,0.00,12.73,12.32,0.00,,,,,,,
1,선,W,,ByLayer,,,,,,90.00,6.96,9.68,12.32,0.00,0.00,6.96,0.00,9.68,5.36,0.00,,,,,,,
1,선,W,,ByLayer,,,,,,270.00,6.96,9.48,5.36,0.00,0.00,-6.96,0.00,9.48,12.32,0.00,,,,,,,
1,선,W,,ByLayer,,,,,,90.00,6.96,16.18,12.32,0.00,0.00,6.96,0.00,16.18,5.36,0.00,,,,,,,
1,선,W,,ByLayer,,,,,,270.00,6.96,15.98,5.36,0.00,0.00,-6.96,0.00,15.98,12.32,0.00,,,,,,,
1,선,W,,ByLayer,,,,,,90.00,6.96,12.93,12.32,0.00,0.00,6.96,0.00,12.93,5.36,0.00,,,,,,,
1,선,W,,ByLayer,,,,,,0.00,59.58,62.12,4.86,0.00,59.58,0.00,0.00,2.54,4.86,0.00,,,,,,,
1,선,W,,ByLayer,,,,,,90.00,20.37,62.12,25.23,0.00,0.00,20.37,0.00,62.12,4.86,0.00,,,,,,,
1,선,W,,ByLayer,,,,,,180.00,59.58,2.54,25.23,0.00,-59.58,0.00,0.00,62.12,25.23,0.00,,,,,,,
1,선,W,,ByLayer,,,,,,90.00,6.96,6.43,12.32,0.00,0.00,6.96,0.00,6.43,5.36,0.00,,,,,,,
1,선,W,,ByLayer,,,,,,270.00,6.96,6.23,5.36,0.00,0.00,-6.96,0.00,6.23,12.32,0.00,,,,,,,
1,선,W,,ByLayer,,,,,,270.00,20.37,2.54,4.86,0.00,0.00,-20.37,0.00,2.54,25.23,0.00,,,,,,,
1,선,W,,ByLayer,,,,,,270.00,6.96,32.24,5.36,0.00,0.00,-6.96,0.00,32.24,12.32,0.00,,,,,,,
1,선,W,,ByLayer,,,,,,90.00,6.96,29.19,12.32,0.00,0.00,6.96,0.00,29.19,5.36,0.00,,,,,,,
1,선,W,,ByLayer,,,,,,270.00,6.96,28.99,5.36,0.00,0.00,-6.96,0.00,28.99,12.32,0.00,,,,,,,
1,선,W,,ByLayer,,,,,,90.00,6.96,35.69,12.32,0.00,0.00,6.96,0.00,35.69,5.36,0.00,,,,,,,
1,선,W,,ByLayer,,,,,,270.00,6.96,35.49,5.36,0.00,0.00,-6.96,0.00,35.49,12.32,0.00,,,,,,,
1,선,W,,ByLayer,,,,,,90.00,6.96,32.44,12.32,0.00,0.00,6.96,0.00,32.44,5.36,0.00,,,,,,,
1,선,W,,ByLayer,,,,,,270.00,6.96,22.48,5.36,0.00,0.00,-6.96,0.00,22.48,12.32,0.00,,,,,,,
1,선,W,,ByLayer,,,,,,90.00,6.96,19.43,12.32,0.00,0.00,6.96,0.00,19.43,5.36,0.00,,,,,,,
1,선,W,,ByLayer,,,,,,270.00,6.96,19.23,5.36,0.00,0.00,-6.96,0.00,19.23,12.32,0.00,,,,,,,
1,선,W,,ByLayer,,,,,,90.00,6.96,25.93,12.32,0.00,0.00,6.96,0.00,25.93,5.36,0.00,,,,,,,
1,선,W,,ByLayer,,,,,,270.00,6.96,25.73,5.36,0.00,0.00,-6.96,0.00,25.73,12.32,0.00,,,,,,,
1,선,W,,ByLayer,,,,,,90.00,6.96,22.68,12.32,0.00,0.00,6.96,0.00,22.68,5.36,0.00,,,,,,,
1,선,DR,,ByLayer,,,,,,180.00,0.04,45.97,17.02,0.00,-0.04,0.00,0.00,46.02,17.02,0.00,,,,,,,
1,선,DR,,ByLayer,,,,,,0.00,0.04,44.13,16.05,0.00,0.04,0.00,0.00,44.09,16.05,0.00,,,,,,,
1,선,DR,,ByLayer,,,,,,90.00,0.96,44.13,17.02,0.00,0.00,0.96,0.00,44.13,16.05,0.00,,,,,,,
1,호,DR,,ByLayer,,,,,,,1.47,,,,,,,,,,0.24,0.96,0.00,87.33,44.09,16.05,0.00
1,선,DR,,ByLayer,,,,,,180.00,0.04,45.97,16.05,0.00,-0.04,0.00,0.00,46.02,16.05,0.00,,,,,,,
1,선,DR,,ByLayer,,,,,,90.00,0.96,45.97,17.02,0.00,0.00,0.96,0.00,45.97,16.05,0.00,,,,,,,
1,선,DR,,ByLayer,,,,,,90.00,0.96,52.19,17.02,0.00,0.00,0.96,0.00,52.19,16.05,0.00,,,,,,,
1,호,DR,,ByLayer,,,,,,,1.47,,,,,,,,,,0.24,0.96,92.67,87.33,54.12,16.05,0.00
1,호,DR,,ByLayer,,,,,,,1.47,,,,,,,,,,0.24,0.96,0.00,87.33,52.19,16.05,0.00
1,선,DR,,ByLayer,,,,,,0.00,0.05,44.13,17.02,0.00,0.05,0.00,0.00,44.09,17.02,0.00,,,,,,,
1,doorBlockBoth,DR,미터,ByLayer,41.65,0.00,0.00,,0.00,,,,,,,,,,,,,,,,,,
1,선,DR,,ByLayer,,,,,,90.00,0.96,54.12,17.02,0.00,0.00,0.96,0.00,54.12,16.05,0.00,,,,,,,
1,선,DR,,ByLayer,,,,,,90.00,0.96,39.44,17.02,0.00,0.00,0.96,0.00,39.44,16.05,0.00,,,,,,,
1,선,DR,,ByLayer,,,,,,180.00,0.04,39.44,17.02,0.00,-0.04,0.00,0.00,39.49,17.02,0.00,,,,,,,
1,선,DR,,ByLayer,,,,,,0.00,0.04,37.60,16.05,0.00,0.04,0.00,0.00,37.56,16.05,0.00,,,,,,,
1,호,DR,,ByLayer,,,,,,,1.47,,,,,,,,,,0.24,0.96,92.67,87.33,39.49,16.05,0.00
1,호,DR,,ByLayer,,,,,,,1.47,,,,,,,,,,0.24,0.96,0.00,87.33,37.56,16.05,0.00
1,선,DR,,ByLayer,,,,,,180.00,0.04,39.44,16.05,0.00,-0.04,0.00,0.00,39.49,16.05,0.00,,,,,,,
1,선,DR,,ByLayer,,,,,,90.00,0.96,46.02,17.02,0.00,0.00,0.96,0.00,46.02,16.05,0.00,,,,,,,
1,선,DR,,ByLayer,,,,,,90.00,0.96,44.09,17.02,0.00,0.00,0.96,0.00,44.09,16.05,0.00,,,,,,,
1,호,DR,,ByLayer,,,,,,,1.47,,,,,,,,,,0.24,0.96,92.67,87.33,46.02,16.05,0.00
1,선,DR,,ByLayer,,,,,,90.00,0.96,37.60,17.02,0.00,0.00,0.96,0.00,37.60,16.05,0.00,,,,,,,
1,선,DR,,ByLayer,,,,,,0.00,0.05,37.60,17.02,0.00,0.05,0.00,0.00,37.56,17.02,0.00,,,,,,,
1,doorBlockBoth,DR,미터,ByLayer,33.55,0.00,0.00,,0.00,,,,,,,,,,,,,,,,,,
1,선,DR,,ByLayer,,,,,,0.00,0.93,29.46,24.24,0.00,0.93,0.00,0.00,28.53,24.24,0.00,,,,,,,
1,선,DR,,ByLayer,,,,,,90.00,0.05,29.46,24.28,0.00,0.00,0.05,0.00,29.46,24.24,0.00,,,,,,,
1,호,DR,,ByLayer,,,,,,,1.42,,,,,,,,,,0.23,0.93,270.00,87.23,29.46,24.28,0.00
1,doorBlockSmall,DR,미터,ByLayer,61.62,0.00,0.00,,0.00,,,,,,,,,,,,,,,,,,
1,선,DR,,ByLayer,,,,,,180.00,0.93,28.53,24.28,0.00,-0.93,0.00,0.00,29.46,24.28,0.00,,,,,,,
1,선,DR,,ByLayer,,,,,,90.00,0.05,28.53,24.24,0.00,0.00,-0.05,0.00,28.53,24.28,0.00,,,,,,,
1,선,W,,ByLayer,,,,,,90.00,8.58,6.23,24.73,0.00,0.00,8.58,0.00,6.23,16.15,0.00,,,,,,,
1,선,W,,ByLayer,,,,,,90.00,8.58,25.73,24.73,0.00,0.00,8.58,0.00,25.73,16.15,0.00,,,,,,,
1,선,W,,ByLayer,,,,,,270.00,8.58,25.93,16.15,0.00,0.00,-8.58,0.00,25.93,24.73,0.00,,,,,,,
1,선,W,,ByLayer,,,,,,90.00,8.58,16.47,24.73,0.00,0.00,8.58,0.00,16.47,16.15,0.00,,,,,,,
1,선,W,,ByLayer,,,,,,90.00,8.58,16.27,24.73,0.00,0.00,8.58,0.00,16.27,16.15,0.00,,,,,,,
1,선,W,,ByLayer,,,,,,90.00,8.58,6.43,24.73,0.00,0.00,8.58,0.00,6.43,16.15,0.00,,,,,,,
1,선,DR,,ByLayer,,,,,,0.00,0.04,52.23,16.05,0.00,0.04,0.00,0.00,52.19,16.05,0.00,,,,,,,
1,선,DR,,ByLayer,,,,,,90.00,0.96,52.23,17.02,0.00,0.00,0.96,0.00,52.23,16.05,0.00,,,,,,,
1,선,DR,,ByLayer,,,,,,0.00,0.05,52.23,17.02,0.00,0.05,0.00,0.00,52.19,17.02,0.00,,,,,,,
1,선,DR,,ByLayer,,,,,,180.00,0.04,54.07,16.05,0.00,-0.04,0.00,0.00,54.12,16.05,0.00,,,,,,,
1,선,DR,,ByLayer,,,,,,90.00,0.96,54.07,17.02,0.00,0.00,0.96,0.00,54.07,16.05,0.00,,,,,,,
1,선,DR,,ByLayer,,,,,,180.00,0.04,54.07,17.02,0.00,-0.04,0.00,0.00,54.12,17.02,0.00,,,,,,,
1,선,DR,,ByLayer,,,,,,180.00,0.93,32.16,23.40,0.00,-0.93,0.00,0.00,33.09,23.40,0.00,,,,,,,
1,선,DR,,ByLayer,,,,,,90.00,0.05,32.16,23.35,0.00,0.00,-0.05,0.00,32.16,23.40,0.00,,,,,,,
1,호,DR,,ByLayer,,,,,,,1.42,,,,,,,,,,0.23,0.93,270.00,87.23,32.16,23.35,0.00
1,doorBlockSmall,DR,미터,ByLayer,0.00,47.63,0.00,,180.00,,,,,,,,,,,,,,,,,,
1,선,DR,,ByLayer,,,,,,0.00,0.93,33.09,23.35,0.00,0.93,0.00,0.00,32.16,23.35,0.00,,,,,,,
1,선,DR,,ByLayer,,,,,,90.00,0.05,33.09,23.40,0.00,0.00,0.05,0.00,33.09,23.35,0.00,,,,,,,
1,선,W,,ByLayer,,,,,,270.00,0.20,29.31,12.32,0.00,0.00,-0.20,0.00,29.31,12.52,0.00,,,,,,,
1,선,W,,ByLayer,,,,,,270.00,0.20,27.06,12.32,0.00,0.00,-0.20,0.00,27.06,12.52,0.00,,,,,,,
1,선,W,,ByLayer,,,,,,270.00,0.20,26.06,12.32,0.00,0.00,-0.20,0.00,26.06,12.52,0.00,,,,,,,
1,선,W,,ByLayer,,,,,,270.00,0.20,35.36,12.32,0.00,0.00,-0.20,0.00,35.36,12.52,0.00,,,,,,,
1,선,W,,ByLayer,,,,,,270.00,0.20,34.36,12.32,0.00,0.00,-0.20,0.00,34.36,12.52,0.00,,,,,,,
1,선,W,,ByLayer,,,,,,270.00,0.20,30.31,12.32,0.00,0.00,-0.20,0.00,30.31,12.52,0.00,,,,,,,
1,선,W,,ByLayer,,,,,,270.00,0.20,21.31,12.32,0.00,0.00,-0.20,0.00,21.31,12.52,0.00,,,,,,,
1,선,W,,ByLayer,,,,,,270.00,0.20,19.08,12.32,0.00,0.00,-0.20,0.00,19.08,12.52,0.00,,,,,,,
1,선,W,,ByLayer,,,,,,270.00,0.20,18.08,12.32,0.00,0.00,-0.20,0.00,18.08,12.52,0.00,,,,,,,
1,선,W,,ByLayer,,,,,,270.00,0.20,25.60,12.32,0.00,0.00,-0.20,0.00,25.60,12.52,0.00,,,,,,,
1,선,W,,ByLayer,,,,,,270.00,0.20,24.60,12.32,0.00,0.00,-0.20,0.00,24.60,12.52,0.00,,,,,,,
1,선,W,,ByLayer,,,,,,270.00,0.20,22.31,12.32,0.00,0.00,-0.20,0.00,22.31,12.52,0.00,,,,,,,
1,선,W,,ByLayer,,,,,,270.00,0.20,48.85,12.32,0.00,0.00,-0.20,0.00,48.85,12.52,0.00,,,,,,,
1,선,W,,ByLayer,,,,,,270.00,0.20,46.59,12.32,0.00,0.00,-0.20,0.00,46.59,12.52,0.00,,,,,,,
1,선,W,,ByLayer,,,,,,270.00,0.20,45.59,12.32,0.00,0.00,-0.20,0.00,45.59,12.52,0.00,,,,,,,
1,선,W,,ByLayer,,,,,,270.00,0.20,52.11,12.32,0.00,0.00,-0.20,0.00,52.11,12.52,0.00,,,,,,,
1,선,W,,ByLayer,,,,,,180.00,2.26,49.85,12.32,0.00,-2.26,0.00,0.00,52.11,12.32,0.00,,,,,,,
1,선,W,,ByLayer,,,,,,270.00,0.20,49.85,12.32,0.00,0.00,-0.20,0.00,49.85,12.52,0.00,,,,,,,
1,선,W,,ByLayer,,,,,,270.00,0.20,39.09,12.32,0.00,0.00,-0.20,0.00,39.09,12.52,0.00,,,,,,,
1,선,W,,ByLayer,,,,,,270.00,0.20,36.83,12.32,0.00,0.00,-0.20,0.00,36.83,12.52,0.00,,,,,,,
1,선,W,,ByLayer,,,,,,270.00,0.20,35.83,12.32,0.00,0.00,-0.20,0.00,35.83,12.52,0.00,,,,,,,
1,선,W,,ByLayer,,,,,,270.00,0.20,43.33,12.32,0.00,0.00,-0.20,0.00,43.33,12.52,0.00,,,,,,,
1,선,W,,ByLayer,,,,,,270.00,0.20,42.33,12.32,0.00,0.00,-0.20,0.00,42.33,12.52,0.00,,,,,,,
1,선,W,,ByLayer,,,,,,270.00,0.20,40.09,12.32,0.00,0.00,-0.20,0.00,40.09,12.52,0.00,,,,,,,
1,선,W,,ByLayer,,,,,,180.00,0.46,25.60,12.32,0.00,-0.46,0.00,0.00,26.06,12.32,0.00,,,,,,,
1,선,W,,ByLayer,,,,,,180.00,2.25,27.06,12.32,0.00,-2.25,0.00,0.00,29.31,12.32,0.00,,,,,,,
1,선,W,,ByLayer,,,,,,180.00,4.05,30.31,12.32,0.00,-4.05,0.00,0.00,34.36,12.32,0.00,,,,,,,
1,선,W,,ByLayer,,,,,,180.00,2.26,15.82,12.32,0.00,-2.26,0.00,0.00,18.08,12.32,0.00,,,,,,,
1,선,W,,ByLayer,,,,,,180.00,2.23,19.08,12.32,0.00,-2.23,0.00,0.00,21.31,12.32,0.00,,,,,,,
1,선,W,,ByLayer,,,,,,180.00,2.29,22.31,12.32,0.00,-2.29,0.00,0.00,24.60,12.32,0.00,,,,,,,
1,선,W,,ByLayer,,,,,,180.00,2.26,43.33,12.32,0.00,-2.26,0.00,0.00,45.59,12.32,0.00,,,,,,,
1,선,W,,ByLayer,,,,,,180.00,2.26,46.59,12.32,0.00,-2.26,0.00,0.00,48.85,12.32,0.00,,,,,,,
1,선,W,,ByLayer,,,,,,90.00,0.20,61.12,16.15,0.00,0.00,0.20,0.00,61.12,15.95,0.00,,,,,,,
1,선,W,,ByLayer,,,,,,180.00,0.47,35.36,12.32,0.00,-0.47,0.00,0.00,35.83,12.32,0.00,,,,,,,
1,선,W,,ByLayer,,,,,,180.00,2.26,36.83,12.32,0.00,-2.26,0.00,0.00,39.09,12.32,0.00,,,,,,,
1,선,W,,ByLayer,,,,,,180.00,2.24,40.09,12.32,0.00,-2.24,0.00,0.00,42.33,12.32,0.00,,,,,,,
1,선,W,,ByLayer,,,,,,270.00,0.20,11.55,12.32,0.00,0.00,-0.20,0.00,11.55,12.52,0.00,,,,,,,
1,선,W,,ByLayer,,,,,,270.00,0.20,9.30,12.32,0.00,0.00,-0.20,0.00,9.30,12.52,0.00,,,,,,,
1,선,W,,ByLayer,,,,,,270.00,0.20,8.30,12.32,0.00,0.00,-0.20,0.00,8.30,12.52,0.00,,,,,,,
1,선,W,,ByLayer,,,,,,270.00,0.20,15.82,12.32,0.00,0.00,-0.20,0.00,15.82,12.52,0.00,,,,,,,
1,선,W,,ByLayer,,,,,,270.00,0.20,14.82,12.32,0.00,0.00,-0.20,0.00,14.82,12.52,0.00,,,,,,,
1,선,W,,ByLayer,,,,,,270.00,0.20,12.55,12.32,0.00,0.00,-0.20,0.00,12.55,12.52,0.00,,,,,,,
1,선,W,,ByLayer,,,,,,180.00,2.26,6.04,12.32,0.00,-2.26,0.00,0.00,8.30,12.32,0.00,,,,,,,
1,선,W,,ByLayer,,,,,,180.00,2.25,9.30,12.32,0.00,-2.25,0.00,0.00,11.55,12.32,0.00,,,,,,,
1,선,W,,ByLayer,,,,,,180.00,2.27,12.55,12.32,0.00,-2.27,0.00,0.00,14.82,12.32,0.00,,,,,,,
1,선,W,,ByLayer,,,,,,270.00,0.20,6.04,12.32,0.00,0.00,-0.20,0.00,6.04,12.52,0.00,,,,,,,
1,선,W,,ByLayer,,,,,,270.00,0.20,5.04,12.32,0.00,0.00,-0.20,0.00,5.04,12.52,0.00,,,,,,,
1,선,W,,ByLayer,,,,,,180.00,2.00,3.04,12.32,0.00,-2.00,0.00,0.00,5.04,12.32,0.00,,,,,,,
1,선,W,,ByLayer,,,,,,0.00,2.25,58.62,12.52,0.00,2.25,0.00,0.00,56.37,12.52,0.00,,,,,,,
1,선,W,,ByLayer,,,,,,0.00,2.26,52.11,12.52,0.00,2.26,0.00,0.00,49.85,12.52,0.00,,,,,,,
1,선,W,,ByLayer,,,,,,0.00,2.00,61.62,12.52,0.00,2.00,0.00,0.00,59.62,12.52,0.00,,,,,,,
1,선,W,,ByLayer,,,,,,0.00,2.26,45.59,12.52,0.00,2.26,0.00,0.00,43.33,12.52,0.00,,,,,,,
1,선,W,,ByLayer,,,,,,0.00,2.26,48.85,12.52,0.00,2.26,0.00,0.00,46.59,12.52,0.00,,,,,,,
1,선,W,,ByLayer,,,,,,0.00,2.26,55.37,12.52,0.00,2.26,0.00,0.00,53.11,12.52,0.00,,,,,,,
1,선,W,,ByLayer,,,,,,0.00,0.50,3.53,15.95,0.00,0.50,0.00,0.00,3.04,15.95,0.00,,,,,,,
1,선,W,,ByLayer,,,,,,180.00,0.50,61.12,15.95,0.00,-0.50,0.00,0.00,61.62,15.95,0.00,,,,,,,
1,선,W,,ByLayer,,,,,,180.00,6.00,54.12,15.95,0.00,-6.00,0.00,0.00,60.12,15.95,0.00,,,,,,,
1,선,W,,ByLayer,,,,,,90.00,4.10,61.62,16.62,0.00,0.00,4.10,0.00,61.62,12.52,0.00,,,,,,,
1,선,W,,ByLayer,,,,,,180.00,2.00,3.04,12.52,0.00,-2.00,0.00,0.00,5.04,12.52,0.00,,,,,,,
1,선,W,,ByLayer,,,,,,90.00,19.37,3.04,24.73,0.00,0.00,19.37,0.00,3.04,5.36,0.00,,,,,,,
1,선,W,,ByLayer,,,,,,0.00,2.26,18.08,12.52,0.00,2.26,0.00,0.00,15.82,12.52,0.00,,,,,,,
1,선,W,,ByLayer,,,,,,0.00,2.23,21.31,12.52,0.00,2.23,0.00,0.00,19.08,12.52,0.00,,,,,,,
1,선,W,,ByLayer,,,,,,0.00,2.29,24.60,12.52,0.00,2.29,0.00,0.00,22.31,12.52,0.00,,,,,,,
1,선,W,,ByLayer,,,,,,0.00,2.26,8.30,12.52,0.00,2.26,0.00,0.00,6.04,12.52,0.00,,,,,,,
1,선,W,,ByLayer,,,,,,0.00,2.25,11.55,12.52,0.00,2.25,0.00,0.00,9.30,12.52,0.00,,,,,,,
1,선,W,,ByLayer,,,,,,0.00,2.27,14.82,12.52,0.00,2.27,0.00,0.00,12.55,12.52,0.00,,,,,,,
1,선,W,,ByLayer,,,,,,0.00,0.47,35.83,12.52,0.00,0.47,0.00,0.00,35.36,12.52,0.00,,,,,,,
1,선,W,,ByLayer,,,,,,0.00,2.26,39.09,12.52,0.00,2.26,0.00,0.00,36.83,12.52,0.00,,,,,,,
1,선,W,,ByLayer,,,,,,0.00,2.24,42.33,12.52,0.00,2.24,0.00,0.00,40.09,12.52,0.00,,,,,,,
1,선,W,,ByLayer,,,,,,0.00,0.46,26.06,12.52,0.00,0.46,0.00,0.00,25.60,12.52,0.00,,,,,,,
1,선,W,,ByLayer,,,,,,0.00,2.25,29.31,12.52,0.00,2.25,0.00,0.00,27.06,12.52,0.00,,,,,,,
1,선,W,,ByLayer,,,,,,0.00,4.05,34.36,12.52,0.00,4.05,0.00,0.00,30.31,12.52,0.00,,,,,,,
1,선,W,,ByLayer,,,,,,0.00,58.58,61.62,5.36,0.00,58.58,0.00,0.00,3.04,5.36,0.00,,,,,,,
1,선,W,,ByLayer,,,,,,270.00,0.20,59.62,12.32,0.00,0.00,-0.20,0.00,59.62,12.52,0.00,,,,,,,
1,선,W,,ByLayer,,,,,,0.00,2.00,61.62,12.32,0.00,2.00,0.00,0.00,59.62,12.32,0.00,,,,,,,
1,선,W,,ByLayer,,,,,,270.00,1.50,29.56,18.09,0.00,0.00,-1.50,0.00,29.56,19.59,0.00,,,,,,,
1,선,W,,ByLayer,,,,,,270.00,1.04,29.56,15.95,0.00,0.00,-1.04,0.00,29.56,16.99,0.00,,,,,,,
1,선,W,,ByLayer,,,,,,90.00,19.37,61.62,24.73,0.00,0.00,19.37,0.00,61.62,5.36,0.00,,,,,,,
1,선,W,,ByLayer,,,,,,270.00,0.20,55.37,12.32,0.00,0.00,-0.20,0.00,55.37,12.52,0.00,,,,,,,
1,선,W,,ByLayer,,,,,,180.00,2.26,53.11,12.32,0.00,-2.26,0.00,0.00,55.37,12.32,0.00,,,,,,,
1,선,W,,ByLayer,,,,,,90.00,0.20,53.11,12.52,0.00,0.00,0.20,0.00,53.11,12.32,0.00,,,,,,,
1,선,W,,ByLayer,,,,,,270.00,0.20,58.62,12.32,0.00,0.00,-0.20,0.00,58.62,12.52,0.00,,,,,,,
1,선,W,,ByLayer,,,,,,180.00,2.25,56.37,12.32,0.00,-2.25,0.00,0.00,58.62,12.32,0.00,,,,,,,
1,선,W,,ByLayer,,,,,,90.00,0.20,56.37,12.52,0.00,0.00,0.20,0.00,56.37,12.32,0.00,,,,,,,
1,선,W,,ByLayer,,,,,,0.00,7.82,20.28,15.95,0.00,7.82,0.00,0.00,12.46,15.95,0.00,,,,,,,
1,선,W,,ByLayer,,,,,,0.00,7.35,29.56,15.95,0.00,7.35,0.00,0.00,22.21,15.95,0.00,,,,,,,
1,선,W,,ByLayer,,,,,,0.00,58.58,61.62,24.73,0.00,58.58,0.00,0.00,3.04,24.73,0.00,,,,,,,
1,선,W,,ByLayer,,,,,,180.00,6.17,46.02,15.95,0.00,-6.17,0.00,0.00,52.19,15.95,0.00,,,,,,,
1,선,W,,ByLayer,,,,,,180.00,4.60,39.49,15.95,0.00,-4.60,0.00,0.00,44.09,15.95,0.00,,,,,,,
1,선,W,,ByLayer,,,,,,0.00,6.00,10.53,15.95,0.00,6.00,0.00,0.00,4.53,15.95,0.00,,,,,,,
1,선,W,,ByLayer,,,,,,90.00,0.45,32.06,24.73,0.00,0.00,0.45,0.00,32.06,24.28,0.00,,,,,,,
1,선,W,,ByLayer,,,,,,270.00,0.45,29.56,24.28,0.00,0.00,-0.45,0.00,29.56,24.73,0.00,,,,,,,
1,선,W,,ByLayer,,,,,,270.00,2.66,29.56,20.69,0.00,0.00,-2.66,0.00,29.56,23.35,0.00,,,,,,,
1,선,W,,ByLayer,,,,,,180.00,2.60,34.96,15.95,0.00,-2.60,0.00,0.00,37.56,15.95,0.00,,,,,,,
1,선,W,,ByLayer,,,,,,180.00,1.90,32.06,15.95,0.00,-1.90,0.00,0.00,33.96,15.95,0.00,,,,,,,
1,선,W,,ByLayer,,,,,,90.00,7.40,32.06,23.35,0.00,0.00,7.40,0.00,32.06,15.95,0.00,,,,,,,
1,선,DR,,ByLayer,,,,,,180.00,0.05,39.09,12.42,0.00,-0.05,0.00,0.00,39.13,12.42,0.00,,,,,,,
1,호,DR,,ByLayer,,,,,,,1.53,,,,,,,,,,0.26,1.00,92.58,87.42,39.09,12.42,0.00
1,doorBlock,DR,미터,ByLayer,43.33,12.42,0.00,,180.00,,,,,,,,,,,,,,,,,,
1,선,DR,,ByLayer,,,,,,90.00,1.00,39.09,11.42,0.00,0.00,-1.00,0.00,39.09,12.42,0.00,,,,,,,
1,선,DR,,ByLayer,,,,,,0.00,0.05,39.13,11.42,0.00,0.05,0.00,0.00,39.09,11.42,0.00,,,,,,,
1,선,DR,,ByLayer,,,,,,90.00,1.00,39.13,12.42,0.00,0.00,1.00,0.00,39.13,11.42,0.00,,,,,,,
1,선,DR,,ByLayer,,,,,,180.00,0.05,42.33,12.42,0.00,-0.05,0.00,0.00,42.37,12.42,0.00,,,,,,,
1,호,DR,,ByLayer,,,,,,,1.53,,,,,,,,,,0.26,1.00,92.58,87.42,42.33,12.42,0.00
1,doorBlock,DR,미터,ByLayer,46.59,12.42,0.00,,180.00,,,,,,,,,,,,,,,,,,
1,선,DR,,ByLayer,,,,,,90.00,1.00,42.33,11.42,0.00,0.00,-1.00,0.00,42.33,12.42,0.00,,,,,,,
1,선,DR,,ByLayer,,,,,,0.00,0.05,42.37,11.42,0.00,0.05,0.00,0.00,42.33,11.42,0.00,,,,,,,
1,선,DR,,ByLayer,,,,,,90.00,1.00,42.37,12.42,0.00,0.00,1.00,0.00,42.37,11.42,0.00,,,,,,,
1,선,DR,,ByLayer,,,,,,0.00,0.05,35.36,12.42,0.00,0.05,0.00,0.00,35.31,12.42,0.00,,,,,,,
1,호,DR,,ByLayer,,,,,,,1.53,,,,,,,,,,0.26,1.00,92.58,87.42,35.36,12.42,0.00
1,doorBlock,DR,미터,ByLayer,36.83,12.42,0.00,,180.00,,,,,,,,,,,,,,,,,,
1,선,DR,,ByLayer,,,,,,90.00,1.00,35.36,11.42,0.00,0.00,-1.00,0.00,35.36,12.42,0.00,,,,,,,
1,선,DR,,ByLayer,,,,,,180.00,0.05,35.31,11.42,0.00,-0.05,0.00,0.00,35.36,11.42,0.00,,,,,,,
1,선,DR,,ByLayer,,,,,,90.00,1.00,35.31,12.42,0.00,0.00,1.00,0.00,35.31,11.42,0.00,,,,,,,
1,선,DR,,ByLayer,,,,,,180.00,0.05,35.83,12.42,0.00,-0.05,0.00,0.00,35.87,12.42,0.00,,,,,,,
1,호,DR,,ByLayer,,,,,,,1.53,,,,,,,,,,0.26,1.00,92.58,87.42,35.83,12.42,0.00
1,doorBlock,DR,미터,ByLayer,40.09,12.42,0.00,,180.00,,,,,,,,,,,,,,,,,,
1,선,DR,,ByLayer,,,,,,90.00,1.00,35.83,11.42,0.00,0.00,-1.00,0.00,35.83,12.42,0.00,,,,,,,
1,선,DR,,ByLayer,,,,,,0.00,0.05,35.87,11.42,0.00,0.05,0.00,0.00,35.83,11.42,0.00,,,,,,,
1,선,DR,,ByLayer,,,,,,90.00,1.00,35.87,12.42,0.00,0.00,1.00,0.00,35.87,11.42,0.00,,,,,,,
1,선,DR,,ByLayer,,,,,,180.00,0.05,52.11,12.42,0.00,-0.05,0.00,0.00,52.15,12.42,0.00,,,,,,,
1,호,DR,,ByLayer,,,,,,,1.53,,,,,,,,,,0.26,1.00,92.58,87.42,52.11,12.42,0.00
1,doorBlock,DR,미터,ByLayer,56.37,12.42,0.00,,180.00,,,,,,,,,,,,,,,,,,
1,선,DR,,ByLayer,,,,,,90.00,1.00,52.11,11.42,0.00,0.00,-1.00,0.00,52.11,12.42,0.00,,,,,,,
1,선,DR,,ByLayer,,,,,,0.00,0.05,52.15,11.42,0.00,0.05,0.00,0.00,52.11,11.42,0.00,,,,,,,
1,선,DR,,ByLayer,,,,,,90.00,1.00,52.15,12.42,0.00,0.00,1.00,0.00,52.15,11.42,0.00,,,,,,,
1,선,DR,,ByLayer,,,,,,180.00,0.05,55.37,12.42,0.00,-0.05,0.00,0.00,55.41,12.42,0.00,,,,,,,
1,호,DR,,ByLayer,,,,,,,1.53,,,,,,,,,,0.26,1.00,92.58,87.42,55.37,12.42,0.00
1,doorBlock,DR,미터,ByLayer,59.62,12.42,0.00,,180.00,,,,,,,,,,,,,,,,,,
1,선,DR,,ByLayer,,,,,,90.00,1.00,55.37,11.42,0.00,0.00,-1.00,0.00,55.37,12.42,0.00,,,,,,,
1,선,DR,,ByLayer,,,,,,0.00,0.05,55.41,11.42,0.00,0.05,0.00,0.00,55.37,11.42,0.00,,,,,,,
1,선,DR,,ByLayer,,,,,,90.00,1.00,55.41,12.42,0.00,0.00,1.00,0.00,55.41,11.42,0.00,,,,,,,
1,선,DR,,ByLayer,,,,,,180.00,0.05,45.59,12.42,0.00,-0.05,0.00,0.00,45.63,12.42,0.00,,,,,,,
1,호,DR,,ByLayer,,,,,,,1.53,,,,,,,,,,0.26,1.00,92.58,87.42,45.59,12.42,0.00
1,doorBlock,DR,미터,ByLayer,49.85,12.42,0.00,,180.00,,,,,,,,,,,,,,,,,,
1,선,DR,,ByLayer,,,,,,90.00,1.00,45.59,11.42,0.00,0.00,-1.00,0.00,45.59,12.42,0.00,,,,,,,
1,선,DR,,ByLayer,,,,,,0.00,0.05,45.63,11.42,0.00,0.05,0.00,0.00,45.59,11.42,0.00,,,,,,,
1,선,DR,,ByLayer,,,,,,90.00,1.00,45.63,12.42,0.00,0.00,1.00,0.00,45.63,11.42,0.00,,,,,,,
1,선,DR,,ByLayer,,,,,,180.00,0.05,48.85,12.42,0.00,-0.05,0.00,0.00,48.89,12.42,0.00,,,,,,,
1,호,DR,,ByLayer,,,,,,,1.53,,,,,,,,,,0.26,1.00,92.58,87.42,48.85,12.42,0.00
1,doorBlock,DR,미터,ByLayer,53.11,12.42,0.00,,180.00,,,,,,,,,,,,,,,,,,
1,선,DR,,ByLayer,,,,,,90.00,1.00,48.85,11.42,0.00,0.00,-1.00,0.00,48.85,12.42,0.00,,,,,,,
1,선,DR,,ByLayer,,,,,,0.00,0.05,48.89,11.42,0.00,0.05,0.00,0.00,48.85,11.42,0.00,,,,,,,
1,선,DR,,ByLayer,,,,,,90.00,1.00,48.89,12.42,0.00,0.00,1.00,0.00,48.89,11.42,0.00,,,,,,,
1,선,W,,ByLayer,,,,,,90.00,0.20,54.12,16.15,0.00,0.00,0.20,0.00,54.12,15.95,0.00,,,,,,,
1,선,W,,ByLayer,,,,,,90.00,0.20,60.12,16.15,0.00,0.00,0.20,0.00,60.12,15.95,0.00,,,,,,,
1,선,W,,ByLayer,,,,,,0.00,0.20,32.26,24.28,0.00,0.20,0.00,0.00,32.06,24.28,0.00,,,,,,,
1,선,W,,ByLayer,,,,,,90.00,0.20,44.09,16.15,0.00,0.00,0.20,0.00,44.09,15.95,0.00,,,,,,,
1,선,W,,ByLayer,,,,,,90.00,0.20,46.02,16.15,0.00,0.00,0.20,0.00,46.02,15.95,0.00,,,,,,,
1,선,W,,ByLayer,,,,,,90.00,0.20,52.19,16.15,0.00,0.00,0.20,0.00,52.19,15.95,0.00,,,,,,,
1,선,W,,ByLayer,,,,,,180.00,0.20,29.36,24.28,0.00,-0.20,0.00,0.00,29.56,24.28,0.00,,,,,,,
1,선,W,,ByLayer,,,,,,90.00,0.45,29.36,24.73,0.00,0.00,0.45,0.00,29.36,24.28,0.00,,,,,,,
1,선,W,,ByLayer,,,,,,270.00,7.20,29.36,16.15,0.00,0.00,-7.20,0.00,29.36,23.35,0.00,,,,,,,
1,선,W,,ByLayer,,,,,,90.00,0.45,32.26,24.73,0.00,0.00,0.45,0.00,32.26,24.28,0.00,,,,,,,
1,선,W,,ByLayer,,,,,,270.00,7.20,32.26,16.15,0.00,0.00,-7.20,0.00,32.26,23.35,0.00,,,,,,,
1,선,W,,ByLayer,,,,,,0.00,0.20,32.26,23.35,0.00,0.20,0.00,0.00,32.06,23.35,0.00,,,,,,,
1,선,W,,ByLayer,,,,,,90.00,0.20,4.53,16.15,0.00,0.00,0.20,0.00,4.53,15.95,0.00,,,,,,,
1,선,W,,ByLayer,,,,,,90.00,0.20,10.53,16.15,0.00,0.00,0.20,0.00,10.53,15.95,0.00,,,,,,,
1,선,W,,ByLayer,,,,,,90.00,0.20,12.46,16.15,0.00,0.00,0.20,0.00,12.46,15.95,0.00,,,,,,,
1,선,W,,ByLayer,,,,,,0.00,0.50,61.62,16.15,0.00,0.50,0.00,0.00,61.12,16.15,0.00,,,,,,,
1,선,W,,ByLayer,,,,,,180.00,6.00,54.12,16.15,0.00,-6.00,0.00,0.00,60.12,16.15,0.00,,,,,,,
1,선,W,,ByLayer,,,,,,90.00,0.20,3.53,16.15,0.00,0.00,0.20,0.00,3.53,15.95,0.00,,,,,,,
1,선,W,,ByLayer,,,,,,90.00,0.20,34.96,16.15,0.00,0.00,0.20,0.00,34.96,15.95,0.00,,,,,,,
1,선,W,,ByLayer,,,,,,90.00,0.20,37.56,16.15,0.00,0.00,0.20,0.00,37.56,15.95,0.00,,,,,,,
1,선,W,,ByLayer,,,,,,90.00,0.20,39.49,16.15,0.00,0.00,0.20,0.00,39.49,15.95,0.00,,,,,,,
1,선,W,,ByLayer,,,,,,90.00,0.20,20.28,16.15,0.00,0.00,0.20,0.00,20.28,15.95,0.00,,,,,,,
1,선,W,,ByLayer,,,,,,90.00,0.20,22.21,16.15,0.00,0.00,0.20,0.00,22.21,15.95,0.00,,,,,,,
1,선,W,,ByLayer,,,,,,90.00,0.20,33.96,16.15,0.00,0.00,0.20,0.00,33.96,15.95,0.00,,,,,,,
1,선,CEN,,ByLayer,,,,,,90.00,11.45,29.46,25.98,0.00,0.00,11.45,0.00,29.46,14.53,0.00,,,,,,,
1,선,CEN,,ByLayer,,,,,,90.00,11.44,32.16,25.98,0.00,0.00,11.44,0.00,32.16,14.54,0.00,,,,,,,
1,doorBlock,DR,미터,ByLayer,33.96,16.05,0.00,,0.00,,,,,,,,,,,,,,,,,,
1,선,W,,ByLayer,,,,,,180.00,0.50,3.04,16.15,0.00,-0.50,0.00,0.00,3.53,16.15,0.00,,,,,,,
1,선,CEN,,ByLayer,,,,,,180.00,60.60,1.98,16.05,0.00,-60.60,0.00,0.00,62.58,16.05,0.00,,,,,,,
1,선,CEN,,ByLayer,,,,,,180.00,60.64,1.96,12.42,0.00,-60.64,0.00,0.00,62.60,12.42,0.00,,,,,,,
1,선,DR,,ByLayer,,,,,,0.00,0.05,34.96,16.05,0.00,0.05,0.00,0.00,34.91,16.05,0.00,,,,,,,
1,호,DR,,ByLayer,,,,,,,1.53,,,,,,,,,,0.26,1.00,92.58,87.42,34.96,16.05,0.00
1,doorBlock,DR,미터,ByLayer,34.36,12.42,0.00,,180.00,,,,,,,,,,,,,,,,,,
1,선,DR,,ByLayer,,,,,,90.00,1.00,34.96,17.05,0.00,0.00,1.00,0.00,34.96,16.05,0.00,,,,,,,
1,선,DR,,ByLayer,,,,,,180.00,0.05,34.91,17.05,0.00,-0.05,0.00,0.00,34.96,17.05,0.00,,,,,,,
1,선,DR,,ByLayer,,,,,,90.00,1.00,34.91,16.05,0.00,0.00,-1.00,0.00,34.91,17.05,0.00,,,,,,,
1,선,W,,ByLayer,,,,,,180.00,0.20,29.36,18.09,0.00,-0.20,0.00,0.00,29.56,18.09,0.00,,,,,,,
1,선,W,,ByLayer,,,,,,180.00,0.20,29.36,16.99,0.00,-0.20,0.00,0.00,29.56,16.99,0.00,,,,,,,
1,선,W,,ByLayer,,,,,,180.00,7.15,22.21,16.15,0.00,-7.15,0.00,0.00,29.36,16.15,0.00,,,,,,,
1,선,W,,ByLayer,,,,,,180.00,0.20,29.36,23.35,0.00,-0.20,0.00,0.00,29.56,23.35,0.00,,,,,,,
1,선,W,,ByLayer,,,,,,180.00,0.20,29.36,20.69,0.00,-0.20,0.00,0.00,29.56,20.69,0.00,,,,,,,
1,선,W,,ByLayer,,,,,,180.00,0.20,29.36,19.59,0.00,-0.20,0.00,0.00,29.56,19.59,0.00,,,,,,,
1,선,W,,ByLayer,,,,,,180.00,1.70,32.26,16.15,0.00,-1.70,0.00,0.00,33.96,16.15,0.00,,,,,,,
1,선,W,,ByLayer,,,,,,180.00,7.82,12.46,16.15,0.00,-7.82,0.00,0.00,20.28,16.15,0.00,,,,,,,
1,선,W,,ByLayer,,,,,,180.00,6.00,4.53,16.15,0.00,-6.00,0.00,0.00,10.53,16.15,0.00,,,,,,,
1,선,W,,ByLayer,,,,,,180.00,6.17,46.02,16.15,0.00,-6.17,0.00,0.00,52.19,16.15,0.00,,,,,,,
1,선,W,,ByLayer,,,,,,180.00,4.60,39.49,16.15,0.00,-4.60,0.00,0.00,44.09,16.15,0.00,,,,,,,
1,선,W,,ByLayer,,,,,,180.00,2.60,34.96,16.15,0.00,-2.60,0.00,0.00,37.56,16.15,0.00,,,,,,,
35,회전된 치수,DIM,,ByLayer,,,,,,,,,,,,,,,,,,,,,,,
